"Add","Add"
"Bell","Bell"
"Cart","Cart"
"Check","Check"
"Clock","Clock"
"Content","Content"
"Custom Usps 1","Custom Usps 1"
"Custom Usps 2","Custom Usps 2"
"Custom","Custom"
"Footer Usps","Footer Usps"
"Header Usps","Header Usps"
"Headset","Headset"
"Messages","Messages"
"Our Unique Selling Points","Our Unique Selling Points"
"Package","Package"
"Percent","Percent"
"Product Usps","Product Usps"
"Return","Return"
"Shield","Shield"
"Shipping","Shipping"
"Siteation","Siteation"
"Store Usps","Store Usps"
"Usps","Usps"
"Icon","Icon"
